TIERSLU;Material_No_Customer;Quantité;LIVRFINLU;Libelle client;Statut;Tiers livré;REFEXTERNELU;Date debut Validité
C00410;BRUSH D7E;68550;16.05.2025;Inteva Esson;4;C00410;BRUSH D7E;20190101
C00410;BRUSH D7E;68550;From 2025 w32 To 2025 w35;Inteva Esson;4;C00410;BRUSH D7E;20190101
C00410;BRUSH D7E;68550;From 2025 w44 To 2025 w48;Inteva Esson;4;C00410;BRUSH D7E;20190101
C00410;BRUSH D7E;68550;From 2026 w05 To 2026 w09;Inteva Esson;4;C00410;BRUSH D7E;20190101
C00410;BRUSH D7E;68550;From 2026 w18 To 2026 w22;Inteva Esson;4;C00410;BRUSH D7E;20190101
C00410;BALAI D8R;41250;16.05.2025;Inteva Esson;4;C00410;BALAI D8R;20190101
C00410;BALAI D8R;41250;28.05.2025;Inteva Esson;4;C00410;BALAI D8R;20190101
C00410;BALAI D8R;41250;From 2025 w25 To 2025 w25;Inteva Esson;4;C00410;BALAI D8R;20190101
C00410;BALAI D8R;41250;From 2025 w27 To 2025 w27;Inteva Esson;4;C00410;BALAI D8R;20190101
C00410;BALAI D8R;41250;From 2025 w29 To 2025 w29;Inteva Esson;4;C00410;BALAI D8R;20190101
C00410;BALAI D8R;41250;From 2025 w32 To 2025 w35;Inteva Esson;4;C00410;BALAI D8R;20190101
C00410;BALAI D8R;41250;From 2025 w36 To 2025 w40;Inteva Esson;4;C00410;BALAI D8R;20190101
C00410;BALAI D8R;41250;From 2025 w40 To 2025 w44;Inteva Esson;4;C00410;BALAI D8R;20190101
C00410;BALAI D8R;41250;From 2025 w44 To 2025 w48;Inteva Esson;4;C00410;BALAI D8R;20190101
C00410;BALAI D8R;41250;From 2025 w49 To 2026 w01;Inteva Esson;4;C00410;BALAI D8R;20190101
C00410;BALAI D8R;41250;From 2026 w01 To 2026 w05;Inteva Esson;4;C00410;BALAI D8R;20190101
C00410;BALAI D8R;41250;From 2026 w05 To 2026 w09;Inteva Esson;4;C00410;BALAI D8R;20190101
C00410;BALAI D8R;41250;From 2026 w09 To 2026 w14;Inteva Esson;4;C00410;BALAI D8R;20190101
C00410;BALAI D8R;41250;From 2026 w14 To 2026 w18;Inteva Esson;4;C00410;BALAI D8R;20190101
C00410;BALAI D8R;41250;From 2026 w18 To 2026 w22;Inteva Esson;4;C00410;BALAI D8R;20190101
C00410;BALAI D8R;41250;From 2026 w23 To 2026 w27;Inteva Esson;4;C00410;BALAI D8R;20190101
C00410;BALAI D8R;41250;From 2026 w27 To 2026 w31;Inteva Esson;4;C00410;BALAI D8R;20190101
C00410;BALAI D8R;41250;From 2026 w31 To 2026 w36;Inteva Esson;4;C00410;BALAI D8R;20190101
C00410;BALAI D8R;41250;From 2026 w36 To 2026 w40;Inteva Esson;4;C00410;BALAI D8R;20190101
C00410;BALAI D8R;41250;From 2026 w40 To 2026 w44;Inteva Esson;4;C00410;BALAI D8R;20190101
C00410;BALAI D8R;41250;From 2026 w44 To 2026 w49;Inteva Esson;4;C00410;BALAI D8R;20190101
C00410;BALAI D8R;41250;From 2026 w49 To 2026 w53;Inteva Esson;4;C00410;BALAI D8R;20190101
C00410;BALAI D8R;41250;From 2027 w05 To 2027 w08;Inteva Esson;4;C00410;BALAI D8R;20190101
C00410;BRUSH D7R;41250;16.05.2025;Inteva Esson;4;C00410;BRUSH D7R;20190101
C00410;BRUSH D7R;41250;From 2025 w27 To 2025 w27;Inteva Esson;4;C00410;BRUSH D7R;20190101
C00410;BRUSH D7R;41250;From 2025 w32 To 2025 w35;Inteva Esson;4;C00410;BRUSH D7R;20190101
C00410;BRUSH D7R;41250;From 2025 w40 To 2025 w44;Inteva Esson;4;C00410;BRUSH D7R;20190101
C00410;BRUSH D7R;41250;From 2025 w49 To 2026 w01;Inteva Esson;4;C00410;BRUSH D7R;20190101
C00410;BRUSH D7R;41250;From 2026 w01 To 2026 w05;Inteva Esson;4;C00410;BRUSH D7R;20190101
C00410;BRUSH D7R;41250;From 2026 w09 To 2026 w14;Inteva Esson;4;C00410;BRUSH D7R;20190101
C00410;BRUSH D7R;41250;From 2026 w18 To 2026 w22;Inteva Esson;4;C00410;BRUSH D7R;20190101
C00410;BRUSH D7R;41250;From 2026 w23 To 2026 w27;Inteva Esson;4;C00410;BRUSH D7R;20190101
C00410;BRUSH D7R;41250;From 2026 w31 To 2026 w36;Inteva Esson;4;C00410;BRUSH D7R;20190101
C00410;BRUSH D7R;41250;From 2026 w40 To 2026 w44;Inteva Esson;4;C00410;BRUSH D7R;20190101
C00410;BRUSH D7R;41250;From 2026 w44 To 2026 w49;Inteva Esson;4;C00410;BRUSH D7R;20190101
C00410;BRUSH D7R;41250;From 2026 w53 To 2027 w04;Inteva Esson;4;C00410;BRUSH D7R;20190101
C00410;BRUSH CARBONE-LARRAINE D8R;10000;19.05.2025;Inteva Esson;4;C00410;BRUSH CARBONE-LARRAINE D8R;20190101
C00410;BRUSH CARBONE-LARRAINE D8R;10000;27.05.2025;Inteva Esson;4;C00410;BRUSH CARBONE-LARRAINE D8R;20190101
C00410;BRUSH CARBONE-LARRAINE D8R;10000;03.06.2025;Inteva Esson;4;C00410;BRUSH CARBONE-LARRAINE D8R;20190101
C00410;BRUSH CARBONE-LARRAINE D8R;10000;From 2025 w24 To 2025 w24;Inteva Esson;4;C00410;BRUSH CARBONE-LARRAINE D8R;20190101
C00410;BRUSH CARBONE-LARRAINE D8R;10000;From 2025 w26 To 2025 w26;Inteva Esson;4;C00410;BRUSH CARBONE-LARRAINE D8R;20190101
C00410;BRUSH CARBONE-LARRAINE D8R;10000;From 2025 w27 To 2025 w27;Inteva Esson;4;C00410;BRUSH CARBONE-LARRAINE D8R;20190101
C00410;BRUSH CARBONE-LARRAINE D8R;10000;From 2025 w28 To 2025 w28;Inteva Esson;4;C00410;BRUSH CARBONE-LARRAINE D8R;20190101
C00410;BRUSH CARBONE-LARRAINE D8R;10000;From 2025 w29 To 2025 w29;Inteva Esson;4;C00410;BRUSH CARBONE-LARRAINE D8R;20190101
C00410;BRUSH CARBONE-LARRAINE D8R;20000;From 2025 w32 To 2025 w35;Inteva Esson;4;C00410;BRUSH CARBONE-LARRAINE D8R;20190101
C00410;BRUSH CARBONE-LARRAINE D8R;20000;From 2025 w36 To 2025 w40;Inteva Esson;4;C00410;BRUSH CARBONE-LARRAINE D8R;20190101
C00410;BRUSH CARBONE-LARRAINE D8R;10000;From 2025 w40 To 2025 w44;Inteva Esson;4;C00410;BRUSH CARBONE-LARRAINE D8R;20190101
C00410;BRUSH CARBONE-LARRAINE D8R;10000;From 2025 w44 To 2025 w48;Inteva Esson;4;C00410;BRUSH CARBONE-LARRAINE D8R;20190101
C00410;BRUSH CARBONE-LARRAINE D8R;10000;From 2025 w49 To 2026 w01;Inteva Esson;4;C00410;BRUSH CARBONE-LARRAINE D8R;20190101
C00410;BRUSH CARBONE-LARRAINE D8R;20000;From 2026 w01 To 2026 w05;Inteva Esson;4;C00410;BRUSH CARBONE-LARRAINE D8R;20190101
C00410;BRUSH CARBONE-LARRAINE D8R;10000;From 2026 w05 To 2026 w09;Inteva Esson;4;C00410;BRUSH CARBONE-LARRAINE D8R;20190101
C00410;BRUSH CARBONE-LARRAINE D8R;10000;From 2026 w09 To 2026 w14;Inteva Esson;4;C00410;BRUSH CARBONE-LARRAINE D8R;20190101
C00410;BRUSH CARBONE-LARRAINE D8R;20000;From 2026 w14 To 2026 w18;Inteva Esson;4;C00410;BRUSH CARBONE-LARRAINE D8R;20190101
C00410;BRUSH CARBONE-LARRAINE D8R;10000;From 2026 w18 To 2026 w22;Inteva Esson;4;C00410;BRUSH CARBONE-LARRAINE D8R;20190101
C00410;BRUSH CARBONE-LARRAINE D8R;10000;From 2026 w23 To 2026 w27;Inteva Esson;4;C00410;BRUSH CARBONE-LARRAINE D8R;20190101
C00410;BRUSH CARBONE-LARRAINE D8R;20000;From 2026 w27 To 2026 w31;Inteva Esson;4;C00410;BRUSH CARBONE-LARRAINE D8R;20190101
C00410;BRUSH CARBONE-LARRAINE D8R;10000;From 2026 w31 To 2026 w36;Inteva Esson;4;C00410;BRUSH CARBONE-LARRAINE D8R;20190101
C00410;BRUSH CARBONE-LARRAINE D8R;10000;From 2026 w36 To 2026 w40;Inteva Esson;4;C00410;BRUSH CARBONE-LARRAINE D8R;20190101
C00410;BRUSH CARBONE-LARRAINE D8R;10000;From 2026 w40 To 2026 w44;Inteva Esson;4;C00410;BRUSH CARBONE-LARRAINE D8R;20190101
C00410;BRUSH CARBONE-LARRAINE D8R;10000;From 2026 w44 To 2026 w49;Inteva Esson;4;C00410;BRUSH CARBONE-LARRAINE D8R;20190101
C00410;BRUSH CARBONE-LARRAINE D8R;10000;From 2026 w49 To 2026 w53;Inteva Esson;4;C00410;BRUSH CARBONE-LARRAINE D8R;20190101
C00410;BRUSH ESW10E40;2000;21.05.2025;Inteva Esson;4;C00410;BRUSH ESW10E40;20190101
C00410;BRUSH ESW10E40;2000;From 2025 w25 To 2025 w25;Inteva Esson;4;C00410;BRUSH ESW10E40;20190101
C00410;BRUSH ESW10E40;2000;From 2025 w31 To 2025 w31;Inteva Esson;4;C00410;BRUSH ESW10E40;20190101
C00410;BRUSH ESW10E40;2000;From 2025 w36 To 2025 w40;Inteva Esson;4;C00410;BRUSH ESW10E40;20190101
C00410;BRUSH ESW10E40;4000;From 2025 w40 To 2025 w44;Inteva Esson;4;C00410;BRUSH ESW10E40;20190101
C00410;BRUSH ESW10E40;2000;From 2025 w44 To 2025 w48;Inteva Esson;4;C00410;BRUSH ESW10E40;20190101
C00410;BRUSH ESW10E40;2000;From 2025 w49 To 2026 w01;Inteva Esson;4;C00410;BRUSH ESW10E40;20190101
C00410;BRUSH ESW10E40;2000;From 2026 w09 To 2026 w14;Inteva Esson;4;C00410;BRUSH ESW10E40;20190101
C00410;BRUSH ESW10E40;2000;From 2026 w18 To 2026 w22;Inteva Esson;4;C00410;BRUSH ESW10E40;20190101
C00410;BRUSH ESW10E40;2000;From 2026 w23 To 2026 w27;Inteva Esson;4;C00410;BRUSH ESW10E40;20190101
C00410;BRUSH ESW10 (AVO);8000;21.05.2025;Inteva Esson;4;C00410;BRUSH ESW10 (AVO);20190101
C00410;BRUSH ESW10 (AVO);2000;From 2025 w27 To 2025 w27;Inteva Esson;4;C00410;BRUSH ESW10 (AVO);20190101
C00410;BRUSH ESW10 (AVO);2000;From 2025 w32 To 2025 w35;Inteva Esson;4;C00410;BRUSH ESW10 (AVO);20190101
C00410;BRUSH ESW10 (AVO);2000;From 2025 w36 To 2025 w40;Inteva Esson;4;C00410;BRUSH ESW10 (AVO);20190101
C00410;BRUSH ESW10 (AVO);2000;From 2025 w40 To 2025 w44;Inteva Esson;4;C00410;BRUSH ESW10 (AVO);20190101
C00410;BRUSH ESW10 (AVO);2000;From 2025 w44 To 2025 w48;Inteva Esson;4;C00410;BRUSH ESW10 (AVO);20190101
C00410;BRUSH ESW10 (AVO);2000;From 2025 w49 To 2026 w01;Inteva Esson;4;C00410;BRUSH ESW10 (AVO);20190101
C00410;BRUSH ESW10 (AVO);2000;From 2026 w01 To 2026 w05;Inteva Esson;4;C00410;BRUSH ESW10 (AVO);20190101
C00410;BRUSH ESW10 (AVO);2000;From 2026 w05 To 2026 w09;Inteva Esson;4;C00410;BRUSH ESW10 (AVO);20190101
C00410;BRUSH ESW10 (AVO);2000;From 2026 w09 To 2026 w14;Inteva Esson;4;C00410;BRUSH ESW10 (AVO);20190101
C00410;BRUSH ESW10 (AVO);2000;From 2026 w14 To 2026 w18;Inteva Esson;4;C00410;BRUSH ESW10 (AVO);20190101
C00410;BRUSH ESW10 (AVO);2000;From 2026 w18 To 2026 w22;Inteva Esson;4;C00410;BRUSH ESW10 (AVO);20190101
C00410;BRUSH ESW10 (AVO);2000;From 2026 w23 To 2026 w27;Inteva Esson;4;C00410;BRUSH ESW10 (AVO);20190101
C00410;BRUSH ESW10 (AVO);2000;From 2026 w27 To 2026 w31;Inteva Esson;4;C00410;BRUSH ESW10 (AVO);20190101
